{
  "id": "726d8c82-8c9e-45a4-ae30-7779af9dd9b0",
  "name": "NextChapter Local",
  "values": [
    {
      "key": "supabase_url",
      "value": "",
      "enabled": true,
      "type": "default"
    },
    {
      "key": "supabase_anon_key",
      "value": "",
      "enabled": true,
      "type": "default"
    },
    {
      "key": "gemini_api_key",
      "value": "",
      "enabled": true,
      "type": "default"
    },
    {
      "key": "razorpay_auth",
      "value": "",
      "enabled": true,
      "type": "default"
    },
    {
      "key": "raz_sec",
      "value": "",
      "enabled": true,
      "type": "secret"
    }
  ],
  "_postman_variable_scope": "environment",
  "_postman_exported_at": "2025-11-29T08:00:39.962Z",
  "_postman_exported_using": "Postman/11.73.5"
}